{
    "formatVersion": 1,
    "game": "minecraft",
    "versionId": "0.1.0",
    "name": "Create With Friends",
    "files": [
        {
            "path": "mods/ rottenflesh-to-leather_1-20-x.jar",
            "hashes": {
                "sha1": "e094a5d8cbf5bac00ad3aaae233cf6cc4613ede4",
                "sha512": "9b3354e9434b3fc1a849f1be80f6748d40ba5f783e7d19b6580e5af089f38bfbd18fe2537f4652bec28f9fe25f01853eaec4e6ad611a5f1a58f2b0081cc47828"
            },
            "env": {
                "client": "unsupported",
                "server": "required"
            },
            "downloads": [
                "https://cdn.modrinth.com/data/aDbO5Ehv/versions/E3EMSqDg/%20rottenflesh-to-leather_1-20-x.jar"
            ],
            "fileSize": 19700
        },
        {
            "path": "mods/Bookshelf-Fabric-1.20.1-20.2.13.jar",
            "hashes": {
                "sha1": "67a67945139b0c26bc8075a746b8f0ed571a9b8a",
                "sha512": "6cc0536833c4f1922711da91c3baf3a79b4bf8c72aa548a34e8f4852fc9b1cb51f21729c58544fbe05909fd3e1da316d1f885033af5844024cea936c3626e3d2"
            },
            "env": {
                "client": "required",
                "server": "required"
            },
            "downloads": [
                "https://cdn.modrinth.com/data/uy4Cnpcm/versions/CBnLZwRS/Bookshelf-Fabric-1.20.1-20.2.13.jar"
            ],
            "fileSize": 322180
        },
        {
            "path": "mods/Controlling-fabric-1.20.1-12.0.2.jar",
            "hashes": {
                "sha1": "8d6badebb7f2aea04793c92174dafa946b13f1e9",
                "sha512": "1e3da9b2b50488daa7b9165930a48158330404110912037cf42543c6acf649ad79019a324ee42e5ef88ad51bb64ee40684a147bfb7847412259b7cebff0134ee"
            },
            "env": {
                "client": "required",
                "server": "unsupported"
            },
            "downloads": [
                "https://cdn.modrinth.com/data/xv94TkTM/versions/6ipZLQSK/Controlling-fabric-1.20.1-12.0.2.jar"
            ],
            "fileSize": 122778
        },
        {
            "path": "mods/EnchantmentDescriptions-Fabric-1.20.1-17.1.18.jar",
            "hashes": {
                "sha1": "8a8793e7930d164f22d5620bc22b7a703f05811f",
                "sha512": "693631ebe24048285885db6bdd348c2fd83c54b9314a95b0a09a56aff20f1fa33a14d501b3e5d1c32570e1bb37cc5c667a08a630c4eae48f0b0bca045e7fdbbd"
            },
            "env": {
                "client": "required",
                "server": "unsupported"
            },
            "downloads": [
                "https://cdn.modrinth.com/data/UVtY3ZAC/versions/G4P1MSAp/EnchantmentDescriptions-Fabric-1.20.1-17.1.18.jar"
            ],
            "fileSize": 63453
        },
        {
            "path": "mods/Jade-1.20-fabric-11.11.0.jar",
            "hashes": {
                "sha1": "a2980804c7d3570c6e799b2e3760d27be783bdf7",
                "sha512": "db6525e8bc7c3d109d5802f5674437bc8d3afa561fad0b74e2cacd61ba3fd8a5bb39734988c343d73438441255fdc4c7fd8c6d7c8a8ce1f99c19a20780b5a9f6"
            },
            "env": {
                "client": "required",
                "server": "required"
            },
            "downloads": [
                "https://cdn.modrinth.com/data/nvQzSEkH/versions/bwDoSE9Z/Jade-1.20-fabric-11.11.0.jar"
            ],
            "fileSize": 570166
        },
        {
            "path": "mods/JadeAddons-1.20.1-Fabric-5.3.1.jar",
            "hashes": {
                "sha1": "aecf3831485f730d557e100e4b925054c1124835",
                "sha512": "80de74d5087b1341233fb6910a0ca116f108ec676d24aecc11888987911e4f5a060305d197bb6a550b1017c9271f720ff52b7e4241b4126c56737db60d1293ae"
            },
            "env": {
                "client": "required",
                "server": "required"
            },
            "downloads": [
                "https://cdn.modrinth.com/data/fThnVRli/versions/u3SyDUBp/JadeAddons-1.20.1-Fabric-5.3.1.jar"
            ],
            "fileSize": 86293
        },
        {
            "path": "mods/MouseTweaks-fabric-mc1.20-2.26.jar",
            "hashes": {
                "sha1": "6a6b977e671b1ab625e740fc70fb5300c21bb841",
                "sha512": "d0faf200dda358efddad2d2809f646023f4dd06254572369e07f3bf33cb6941f0fcdb02db4675b30b4f3bd542cbf6196e135680ba91a2b74c2b071f34978e2d5"
            },
            "env": {
                "client": "required",
                "server": "unsupported"
            },
            "downloads": [
                "https://cdn.modrinth.com/data/aC3cM3Vq/versions/mjuG4AYd/MouseTweaks-fabric-mc1.20-2.26.jar"
            ],
            "fileSize": 77943
        },
        {
            "path": "mods/NaturesCompass-1.20.1-2.2.3-fabric.jar",
            "hashes": {
                "sha1": "0734579799a17b9662b833cc21399521b09161ff",
                "sha512": "b57dabd55010b598a66fe13644380c452ea75d4717b6acb7cd4f7718d6d535920cf7e216491bde427066d7e68dfaee5ef7226b7c8322b4f8771cf0dc9416e56e"
            },
            "env": {
                "client": "required",
                "server": "required"
            },
            "downloads": [
                "https://cdn.modrinth.com/data/fPetb5Kh/versions/NovIXDxY/NaturesCompass-1.20.1-2.2.3-fabric.jar"
            ],
            "fileSize": 230344
        },
        {
            "path": "mods/Patchouli-1.20.1-84-FABRIC.jar",
            "hashes": {
                "sha1": "acbbeaae2f57052058a8444439f93d9a2d3efaf2",
                "sha512": "b20cebaab0972443ccc7f3b10b2038d32cfa7baa953a1cc8de6333fa711f63fd51b1b5933e0f2757445385b98e132ef295bd7c17f67ebb44bc8481295329d8bf"
            },
            "env": {
                "client": "required",
                "server": "required"
            },
            "downloads": [
                "https://cdn.modrinth.com/data/nU0bVIaL/versions/Y6tuH1cn/Patchouli-1.20.1-84-FABRIC.jar"
            ],
            "fileSize": 856882
        },
        {
            "path": "mods/Searchables-fabric-1.20.1-1.0.3.jar",
            "hashes": {
                "sha1": "d7cbd06088a90f8adfd4bb9a99d1c256bcdf22a1",
                "sha512": "94a44b9ad58507a28ffb6e1a48b28b23740d4192c5511012b0eb8db33360200232ec84ceba121368fa3e54d1b845458434950ad1f6702d0e8ad5746843480bf3"
            },
            "env": {
                "client": "required",
                "server": "unsupported"
            },
            "downloads": [
                "https://cdn.modrinth.com/data/fuuu3xnx/versions/eh4IBlu2/Searchables-fabric-1.20.1-1.0.3.jar"
            ],
            "fileSize": 80283
        },
        {
            "path": "mods/ToolStats-Fabric-1.20.1-16.0.8.jar",
            "hashes": {
                "sha1": "a22260762f50b3e3e62483704d9cf77da39755e3",
                "sha512": "dd8cfafc7764f9337078e15fe0b11d873635cd2c08192d38426e4c70b0f52ef4151efac005a46d77b0ad9de1b8c9353d98423fc370a091143eb31813ea0dc10d"
            },
            "env": {
                "client": "required",
                "server": "unsupported"
            },
            "downloads": [
                "https://cdn.modrinth.com/data/vuGFx44e/versions/td2sMRkH/ToolStats-Fabric-1.20.1-16.0.8.jar"
            ],
            "fileSize": 16706
        },
        {
            "path": "mods/Towns-and-Towers-1.12-Fabric+Forge.jar",
            "hashes": {
                "sha1": "5a28ec56457cf1bf154e993cf73dba0428a7921b",
                "sha512": "ed734046c356bb996b628c2e0c47e64ba598c87016591fd77533069de68f27b8bfdcd2173d7d3db97f1981ebb806133c3d1751c330d539ade3d6c37ed2d5598f"
            },
            "env": {
                "client": "unsupported",
                "server": "required"
            },
            "downloads": [
                "https://cdn.modrinth.com/data/DjLobEOy/versions/7ZwnSrVW/Towns-and-Towers-1.12-Fabric%2BForge.jar"
            ],
            "fileSize": 2864275
        },
        {
            "path": "mods/TravelersTitles-1.20-Fabric-4.0.2.jar",
            "hashes": {
                "sha1": "9698f7347b3c98276e4d4035e731e34e926e82d0",
                "sha512": "a8af88107664482f907e5e797156f677e79f96009b834a77f38c184cc651b88db5adac2f4edd8c6945a199157eedd9a366774f7a52458e8286fdbb492d4d8787"
            },
            "env": {
                "client": "required",
                "server": "unsupported"
            },
            "downloads": [
                "https://cdn.modrinth.com/data/JtifUr64/versions/MbifZGB0/TravelersTitles-1.20-Fabric-4.0.2.jar"
            ],
            "fileSize": 345764
        },
        {
            "path": "mods/XaeroPlus-2.23.1+fabric-1.20.1-WM1.39.0-MM24.4.0.jar",
            "hashes": {
                "sha1": "97ed32d51dfc6d8887ad3b6ec0e62433eb666372",
                "sha512": "09fc5b86405d0c2d96e53ac160a0ea9aae030355ade7f337b50dc424e135c912af6cfb46b73e03f608d406033c81b58ce8f7605086883822327c9fb257ded7e5"
            },
            "env": {
                "client": "required",
                "server": "unsupported"
            },
            "downloads": [
                "https://cdn.modrinth.com/data/EnPUzSTg/versions/akREEtZH/XaeroPlus-2.23.1%2Bfabric-1.20.1-WM1.39.0-MM24.4.0.jar"
            ],
            "fileSize": 4503290
        },
        {
            "path": "mods/XaerosWorldMap_1.39.0_Fabric_1.20.jar",
            "hashes": {
                "sha1": "a1a8227625b881d0f70a4d1cd494b0568000d4ff",
                "sha512": "5f15e58c60dc9428e19010bbf2d2104ecdcc059eba9ca1d5849be86222938060838f4b9a71762e38c400aabd50bd980acf8ff68b8f1c20c3910dd39ff6b26be3"
            },
            "env": {
                "client": "required",
                "server": "unsupported"
            },
            "downloads": [
                "https://cdn.modrinth.com/data/NcUtCpym/versions/gJ5N7s4J/XaerosWorldMap_1.39.0_Fabric_1.20.jar"
            ],
            "fileSize": 948816
        },
        {
            "path": "mods/Xaeros_Minimap_24.4.0_Fabric_1.20.jar",
            "hashes": {
                "sha1": "cae6b004e50ed621b2d88666212d27e604d45f50",
                "sha512": "88fc990518c174de1df1b57aeacc2085a789bac954547fff3f87ddcdfa8fac5ab284edc62d4461b464fffd3e9a6ec18f39d941360fdc8b52a035095888b68623"
            },
            "env": {
                "client": "required",
                "server": "unsupported"
            },
            "downloads": [
                "https://cdn.modrinth.com/data/1bokaNcj/versions/2ZxbhVIC/Xaeros_Minimap_24.4.0_Fabric_1.20.jar"
            ],
            "fileSize": 1561763
        },
        {
            "path": "mods/YungsApi-1.20-Fabric-4.0.5.jar",
            "hashes": {
                "sha1": "9aa99d06657779322767aafd10b9a44eed2690b6",
                "sha512": "69594e17b98a440d6015b8b5131594d9104f05cfb512d2b99c6892f0e89d052e2fa30bb33e35010bc1e86211bbfce1c210488fa77500e2497d1c8ee45239cb01"
            },
            "env": {
                "client": "required",
                "server": "required"
            },
            "downloads": [
                "https://cdn.modrinth.com/data/Ua7DFN59/versions/zPT7QfIk/YungsApi-1.20-Fabric-4.0.5.jar"
            ],
            "fileSize": 1391845
        },
        {
            "path": "mods/YungsBetterDesertTemples-1.20-Fabric-3.0.3.jar",
            "hashes": {
                "sha1": "b8de6410b1ae57a49848f172d5310dc79e731b25",
                "sha512": "29839615e042435b0fdacab2b97524a6689190692a289c25e305dbaec34764f38e70c65cfd77b49ac0dcc549281b61cfe244edc62809082e39db54990ef84cbf"
            },
            "env": {
                "client": "unsupported",
                "server": "required"
            },
            "downloads": [
                "https://cdn.modrinth.com/data/XNlO7sBv/versions/1Z9HNWpj/YungsBetterDesertTemples-1.20-Fabric-3.0.3.jar"
            ],
            "fileSize": 1063786
        },
        {
            "path": "mods/YungsBetterDungeons-1.20-Fabric-4.0.4.jar",
            "hashes": {
                "sha1": "cb4ea32fe75c9dbcd62f6f3d3f912c1b79ac697a",
                "sha512": "02ee00641aea2e80806923c1d97a366b82eb6d6e1d749fc8fb4eeddeddea718c08f5a87ba5189427f747801b899abe5a6138a260c7e7f949e5e69b4065ac5464"
            },
            "env": {
                "client": "unsupported",
                "server": "required"
            },
            "downloads": [
                "https://cdn.modrinth.com/data/o1C1Dkj5/versions/nidyvq2m/YungsBetterDungeons-1.20-Fabric-4.0.4.jar"
            ],
            "fileSize": 944170
        },
        {
            "path": "mods/YungsBetterJungleTemples-1.20-Fabric-2.0.5.jar",
            "hashes": {
                "sha1": "e0c5366159af63c1a0b110ce1a62750d3d75d978",
                "sha512": "ea08ade714376f48cabdddd2e4b7376fc5cc5947e3911583ba4e182ab22c1335c884043441725cde21fb6e84402d17c43f509ade339d46a1a1db40f0e77ee81a"
            },
            "env": {
                "client": "unsupported",
                "server": "required"
            },
            "downloads": [
                "https://cdn.modrinth.com/data/z9Ve58Ih/versions/6LPrzuB0/YungsBetterJungleTemples-1.20-Fabric-2.0.5.jar"
            ],
            "fileSize": 947293
        },
        {
            "path": "mods/YungsBetterMineshafts-1.20-Fabric-4.0.4.jar",
            "hashes": {
                "sha1": "dda3af404d6958f6fed882b8b4ae7827ac78944b",
                "sha512": "82d6e361ef403471beaaf2fa86964af541df167da56f53b820e5abfac693f63dd5d6c0aafbc9e9baa947b42a57c79f069ed6ede55e680a2523d2ca7f2e538b13"
            },
            "env": {
                "client": "unsupported",
                "server": "required"
            },
            "downloads": [
                "https://cdn.modrinth.com/data/HjmxVlSr/versions/qLnQnqXS/YungsBetterMineshafts-1.20-Fabric-4.0.4.jar"
            ],
            "fileSize": 621495
        },
        {
            "path": "mods/YungsBetterNetherFortresses-1.20-Fabric-2.0.6.jar",
            "hashes": {
                "sha1": "837560db615bad870809e09436e943c4324301d1",
                "sha512": "a752f0dea20fa86e6d3a4f87d180af706b2ad5e3d434185aaa624692fc55329a2e2e410e67f843ec982e7b90ae63565b4aed43adbee6c50ded403ef50d91d7fd"
            },
            "env": {
                "client": "unsupported",
                "server": "required"
            },
            "downloads": [
                "https://cdn.modrinth.com/data/Z2mXHnxP/versions/FL88RLRu/YungsBetterNetherFortresses-1.20-Fabric-2.0.6.jar"
            ],
            "fileSize": 760974
        },
        {
            "path": "mods/YungsBetterOceanMonuments-1.20-Fabric-3.0.4.jar",
            "hashes": {
                "sha1": "e4e512ae388a57d4eb383657e52707c01283d7be",
                "sha512": "b050f94b70628f9cb64afe1d184b3fd5eee4a7d556ff81b05dd90e954484c415b24b235a8471085cbba2e28a1123e49de9a16e6e7bc52da585db81762562f186"
            },
            "env": {
                "client": "unsupported",
                "server": "required"
            },
            "downloads": [
                "https://cdn.modrinth.com/data/3dT9sgt4/versions/4c00pjbt/YungsBetterOceanMonuments-1.20-Fabric-3.0.4.jar"
            ],
            "fileSize": 1165832
        },
        {
            "path": "mods/YungsBetterStrongholds-1.20-Fabric-4.0.3.jar",
            "hashes": {
                "sha1": "f7a5eb03935abe845c6691ae99ae42889fdd5da1",
                "sha512": "e70c8daa91e88d8af97e99201264c9646c82a8cf1966b87ca1e53b591e7f1ed3cee2f8875dbe88f9b58e2a7d151fded34896bb4bd23f33f2bfef4c590fbba850"
            },
            "env": {
                "client": "unsupported",
                "server": "required"
            },
            "downloads": [
                "https://cdn.modrinth.com/data/kidLKymU/versions/yV6hn0bB/YungsBetterStrongholds-1.20-Fabric-4.0.3.jar"
            ],
            "fileSize": 611598
        },
        {
            "path": "mods/YungsBetterWitchHuts-1.20-Fabric-3.0.3.jar",
            "hashes": {
                "sha1": "2803abcf20bf150aa735faa409a23406da69415c",
                "sha512": "4182c4b580ac0446968d28561088807a5fc96c4ad792401bf918b2e693f7eb343237f2887d63121469af8a120c4ccc8c84d7add731ea1a45cb429f49092bd6ac"
            },
            "env": {
                "client": "unsupported",
                "server": "required"
            },
            "downloads": [
                "https://cdn.modrinth.com/data/t5FRdP87/versions/lYpHN3iF/YungsBetterWitchHuts-1.20-Fabric-3.0.3.jar"
            ],
            "fileSize": 307196
        },
        {
            "path": "mods/YungsBridges-1.20-Fabric-4.0.3.jar",
            "hashes": {
                "sha1": "e6be5c5fb116b50ff75910015b19fcc6dadaf4e6",
                "sha512": "3cdd923781fe6446466670bce8132bbc0a1ee27ae9a76bb25bf0010c0e79c821ce1dc606405e3ffa00f22d92629aa1cd7cc680a17c98dfcf338166372b85dab1"
            },
            "env": {
                "client": "unsupported",
                "server": "required"
            },
            "downloads": [
                "https://cdn.modrinth.com/data/Ht4BfYp6/versions/hvfjXu8d/YungsBridges-1.20-Fabric-4.0.3.jar"
            ],
            "fileSize": 266481
        },
        {
            "path": "mods/YungsExtras-1.20-Fabric-4.0.3.jar",
            "hashes": {
                "sha1": "356c7fa28e0929317c151d75ead603035521eaa3",
                "sha512": "9fb06e136b12548ca9cb82d5d1035d760b74c7acded4b0d01ea29fb1e47c4666e1f289e6ce3e0c77510bc4bd10a64946e17633f99f60b5424a535d8d88025412"
            },
            "env": {
                "client": "unsupported",
                "server": "required"
            },
            "downloads": [
                "https://cdn.modrinth.com/data/ZYgyPyfq/versions/pfVTUz1L/YungsExtras-1.20-Fabric-4.0.3.jar"
            ],
            "fileSize": 342639
        },
        {
            "path": "mods/accessories-fabric-1.0.0-beta.31+1.20.1.jar",
            "hashes": {
                "sha1": "397474f34af7e31f2583a398137fca6625c01555",
                "sha512": "19b79446a23dca9c20d37e1f2034e666b065e8e18e9b016d0a9d270804fb019e1edd86396605f9aff507ee69ca603f1eef6af48987addf9dbb6f531ad58ee5a4"
            },
            "env": {
                "client": "required",
                "server": "required"
            },
            "downloads": [
                "https://cdn.modrinth.com/data/jtmvUHXj/versions/aEyteEvx/accessories-fabric-1.0.0-beta.31%2B1.20.1.jar"
            ],
            "fileSize": 745765
        },
        {
            "path": "mods/accessories_tclayer-3.8.1-beta.9+1.20.1.jar",
            "hashes": {
                "sha1": "4003745dc0a94d832c433415891a979984717de3",
                "sha512": "aca90f6f6c3fe5c22c8eb7f4a715f47116574995d9390bb0e25195d7da5f6f8bad377fc45ef7bb5c7b17059a4ed63c7db5d396ad53be85ff04ec57395f51146b"
            },
            "env": {
                "client": "required",
                "server": "required"
            },
            "downloads": [
                "https://cdn.modrinth.com/data/TkWgV1AW/versions/7JH5vmCW/accessories_tclayer-3.8.1-beta.9%2B1.20.1.jar"
            ],
            "fileSize": 204035
        },
        {
            "path": "mods/animal_feeding_trough-1.1.0+1.20.1.jar",
            "hashes": {
                "sha1": "48a06994464e0e9e1751676de15b2eecccfd8ad4",
                "sha512": "88a51133662db318bf42a12a59de76b169bcf6eba7f5c429c3f8f782c69cb730e9263bc855d8d9ca085309c449cc3b468ea23fe016fb5b32805cf05554fac535"
            },
            "env": {
                "client": "required",
                "server": "required"
            },
            "downloads": [
                "https://cdn.modrinth.com/data/bRFWnJ87/versions/WkJeqkhZ/animal_feeding_trough-1.1.0%2B1.20.1.jar"
            ],
            "fileSize": 237378
        },
        {
            "path": "mods/appleskin-fabric-mc1.20.1-2.5.1.jar",
            "hashes": {
                "sha1": "d0f11243f79c071416bbcee781ae93eb57a0283c",
                "sha512": "1544c3705133694a886233bdf75b0d03c9ab489421c1f9f30e51d8dd9f4dcab5826edbef4b7d477b81ac995253c6258844579a54243422b73446f6fb8653b979"
            },
            "env": {
                "client": "required",
                "server": "required"
            },
            "downloads": [
                "https://cdn.modrinth.com/data/EsAfCjCV/versions/xcauwnEB/appleskin-fabric-mc1.20.1-2.5.1.jar"
            ],
            "fileSize": 1064362
        },
        {
            "path": "mods/architectury-9.2.14-fabric.jar",
            "hashes": {
                "sha1": "4fa65e32dbf63a871a30fe8ec6fbff9a4b8d007d",
                "sha512": "4cb8f009fd522d68a795d2cf5a657bdbe248b32ba7c33cd968f5ab521e9d60e198f8a3f6c50e7d960a2b8f50375116be0db1fd44b5710ea758697d8ea70d15de"
            },
            "env": {
                "client": "required",
                "server": "required"
            },
            "downloads": [
                "https://cdn.modrinth.com/data/lhGA9TYQ/versions/WbL7MStR/architectury-9.2.14-fabric.jar"
            ],
            "fileSize": 585207
        },
        {
            "path": "mods/bobby-5.0.1.jar",
            "hashes": {
                "sha1": "bdc0285d4209c529019ae1c5f1f0af0e3a3cffa6",
                "sha512": "2c2872b633f67feef2af378793da928d1595bb0cd841ee8ca6cd2bbbef45d8f9c14456b2d8970d4d92ac2cbefdb753c77c37341dfdbf0d00268f9cf607914391"
            },
            "env": {
                "client": "required",
                "server": "unsupported"
            },
            "downloads": [
                "https://cdn.modrinth.com/data/M08ruV16/versions/2cuVyTav/bobby-5.0.1.jar"
            ],
            "fileSize": 799098
        },
        {
            "path": "mods/build_tools-1.0.1.jar",
            "hashes": {
                "sha1": "f3b90e64bce71e43211808920f179f475a6731a1",
                "sha512": "5604d1f0844da4d5d3b5025a7aeb33ae1c0656784a802c4a325db5eea1eb7f2a5e0b3ded197b2460bccd5f3f3fa2e4d6907931b50d304e04c9d2c3e4ae7cd990"
            },
            "env": {
                "client": "required",
                "server": "required"
            },
            "downloads": [
                "https://cdn.modrinth.com/data/swsFw76C/versions/6rephUZe/build_tools-1.0.1.jar"
            ],
            "fileSize": 26277
        },
        {
            "path": "mods/carryon-fabric-1.20.1-2.1.2.7.jar",
            "hashes": {
                "sha1": "8f3858977becfbc26f67f4a5579881e15e07d69d",
                "sha512": "ca96f56dba50ea4827ec7a15bc590ccb29aba01896550d3cb398bed18acdf469dd351cdc9312e4743f54955b3162e744c58d76c88eb79b1e5e5b4570f5b33c64"
            },
            "env": {
                "client": "required",
                "server": "required"
            },
            "downloads": [
                "https://cdn.modrinth.com/data/joEfVgkn/versions/Mkla4B3q/carryon-fabric-1.20.1-2.1.2.7.jar"
            ],
            "fileSize": 443033
        },
        {
            "path": "mods/chunksfadein-1.0.7-1.20.1.jar",
            "hashes": {
                "sha1": "e3203e9f11ac2b2341bf2e8e0e02f83c63a21911",
                "sha512": "70a00fd7a267a1cc1eb3e8a58d8c3e2865f07a8beb46d53ec19706a7454b04525d044ac4a9f49b16880df56fed603ea35792e99e5289809acbe6c65ee4dc212a"
            },
            "env": {
                "client": "required",
                "server": "unsupported"
            },
            "downloads": [
                "https://cdn.modrinth.com/data/JaNmzvA8/versions/iLVykV1K/chunksfadein-1.0.7-1.20.1.jar"
            ],
            "fileSize": 313164
        },
        {
            "path": "mods/cloth-config-11.1.118-fabric.jar",
            "hashes": {
                "sha1": "f669f899d707b9e9acf1c239b0ae6b2c8be95361",
                "sha512": "848aeaf9c218e39452a2efced1872c2f7275c8fd2504fc2cbd63b159faf4eed96481144b7e1dc4fa27296727f54803907ae2e477e66a803c07a2fd51f831eb07"
            },
            "env": {
                "client": "required",
                "server": "required"
            },
            "downloads": [
                "https://cdn.modrinth.com/data/9s6osm5g/versions/J3FLptsi/cloth-config-11.1.118-fabric.jar"
            ],
            "fileSize": 1159192
        },
        {
            "path": "mods/comforts-fabric-6.4.0+1.20.1.jar",
            "hashes": {
                "sha1": "96c1b52fa6dcff140b56e17ce980d2a5c528fad2",
                "sha512": "c1796378b47aa03544b772d2b631d7387e4365ba0c0a3468dc5e78348d26e0406bd015b530e0acab679e090310aafd201a106e519d3b9e32b26e0db9928b04be"
            },
            "env": {
                "client": "required",
                "server": "required"
            },
            "downloads": [
                "https://cdn.modrinth.com/data/SaCpeal4/versions/pMr60Kkq/comforts-fabric-6.4.0%2B1.20.1.jar"
            ],
            "fileSize": 693624
        },
        {
            "path": "mods/create-fabric-0.5.1-f-build.1417+mc1.20.1.jar",
            "hashes": {
                "sha1": "dc5c230e3b293092b457200883398225fffab597",
                "sha512": "bc8e3afc219ecf9d475f4b56f421024f76fc20bce941a2c956ecca1e8905b39d946a124aca48cb391a0a60314d68fd5413c8c12d0ad1f605159b10611595878f"
            },
            "env": {
                "client": "required",
                "server": "required"
            },
            "downloads": [
                "https://cdn.modrinth.com/data/Xbc0uyRg/versions/h2HgGyvA/create-fabric-0.5.1-f-build.1417%2Bmc1.20.1.jar"
            ],
            "fileSize": 21952417
        },
        {
            "path": "mods/create_enchantment_industry-1.2.16.jar",
            "hashes": {
                "sha1": "c1153315e3d0e7d216ca3179e483fe8b9f794433",
                "sha512": "c9b9c8d03c763aa6e378d20534e8ae25861e6895b8f2f301108ae7271a6bfaceae306f1b45fbf79db5aa05a0164efc57db5dba37be54cc82dc3a652d6f6d5c3d"
            },
            "env": {
                "client": "required",
                "server": "required"
            },
            "downloads": [
                "https://cdn.modrinth.com/data/AEZO385x/versions/SI0RzkGk/create_enchantment_industry-1.2.16.jar"
            ],
            "fileSize": 520093
        },
        {
            "path": "mods/createcobblestone-1.3.2+fabric-1.20.1-38.jar",
            "hashes": {
                "sha1": "6d1abc9974ace7c018a862a43ac6b29844e8433c",
                "sha512": "7367fc6fa6146e551f82da4770e9e3a775652b0e53792850c975e1ec3af2698ba7fc8b06fc63d4e56f3fddb077eca1be60b997bcf3f057df6127b3bc03790ec9"
            },
            "env": {
                "client": "required",
                "server": "required"
            },
            "downloads": [
                "https://cdn.modrinth.com/data/ihpnEd80/versions/7kZwvvUD/createcobblestone-1.3.2%2Bfabric-1.20.1-38.jar"
            ],
            "fileSize": 231861
        },
        {
            "path": "mods/createcontraptionterminals-fabric-1.20-1.0.0.jar",
            "hashes": {
                "sha1": "53f152b941b209b1cd8188dd8bcbfdc11b44d978",
                "sha512": "473ee042a91facfa05d21fb4b701c3af2591b76eece1376e83c5260a560182c0966033767a88011353c824e031ef8b6b3f0d9178be15dfd51684f55002e81f97"
            },
            "env": {
                "client": "required",
                "server": "required"
            },
            "downloads": [
                "https://cdn.modrinth.com/data/gOPAFzp0/versions/mkzRTbBl/createcontraptionterminals-fabric-1.20-1.0.0.jar"
            ],
            "fileSize": 68113
        },
        {
            "path": "mods/cristellib-1.1.5-fabric.jar",
            "hashes": {
                "sha1": "fbf3e76abc2da1a31db0f998c39e64b69300e9bc",
                "sha512": "50ac2ac365932c5ea43a8baa67c2509292ae810fbe15848f202160c0bac3ef5ae648f175ae93436a9226e5b082cec562fab8da17c524bb642360aa859ef52652"
            },
            "env": {
                "client": "unsupported",
                "server": "required"
            },
            "downloads": [
                "https://cdn.modrinth.com/data/cl223EMc/versions/tBnivdbu/cristellib-1.1.5-fabric.jar"
            ],
            "fileSize": 431581
        },
        {
            "path": "mods/emi-1.1.13+1.20.1+fabric.jar",
            "hashes": {
                "sha1": "6fa075aebabcfbc39064598e73f1207a1e1b2679",
                "sha512": "071862be3540940659a927449559664787e6c2199a23803e6ea5e858bd801594fb152e3b2551994a0596481b381205799c34db1a794f8bdb0e4df4519941c170"
            },
            "env": {
                "client": "required",
                "server": "unsupported"
            },
            "downloads": [
                "https://cdn.modrinth.com/data/fRiHVvU7/versions/9u5r0cLK/emi-1.1.13%2B1.20.1%2Bfabric.jar"
            ],
            "fileSize": 1003648
        },
        {
            "path": "mods/emi_ores-0.4+1.20.1.jar",
            "hashes": {
                "sha1": "f3f6d4e131545579d404fa52258b07b7a35a89da",
                "sha512": "196e533ad70fc2910a62cb94f750cec2d77ec4e608ff831c8d201a8a0a16fb5e422f8a4b947b14e9841eb21bb7c94a61a7c2e7e7947168e1843eb52a96a81765"
            },
            "env": {
                "client": "required",
                "server": "required"
            },
            "downloads": [
                "https://cdn.modrinth.com/data/sG4TqDb8/versions/DLW2L0g5/emi_ores-0.4%2B1.20.1.jar"
            ],
            "fileSize": 44794
        },
        {
            "path": "mods/exordium-fabric-1.2.1-mc1.20.1.jar",
            "hashes": {
                "sha1": "4e905da34fca10f2d263c05103966727e127bf32",
                "sha512": "e27a8ea01478c8c8d2d101ae567b6c708da1b6ff932fb1840922c518f2e918dc8182b4e5220d71ea0155063b030cd2f82818a320fce33f2f1eeed6a512641b45"
            },
            "env": {
                "client": "required",
                "server": "unsupported"
            },
            "downloads": [
                "https://cdn.modrinth.com/data/DynYZEae/versions/fROHV9gC/exordium-fabric-1.2.1-mc1.20.1.jar"
            ],
            "fileSize": 324389
        },
        {
            "path": "mods/fabric-api-0.92.2+1.20.1.jar",
            "hashes": {
                "sha1": "625ee015ee426d9b677382a7bb661383d89c0807",
                "sha512": "a9b461e9e28871002072337adc69e829f5a59c05a39ffe1f6a27df7daff392ac25c8e5a6c01ff340b3eef99cecc42b21c012766a7c87446ca442f9ea1b04aca6"
            },
            "env": {
                "client": "required",
                "server": "required"
            },
            "downloads": [
                "https://cdn.modrinth.com/data/P7dR8mSH/versions/P7uGFii0/fabric-api-0.92.2%2B1.20.1.jar"
            ],
            "fileSize": 2107289
        },
        {
            "path": "mods/freecam-fabric-modrinth-1.2.1+1.20.jar",
            "hashes": {
                "sha1": "c057cd934d4d1c68b3f3775e864fd11e225d9f80",
                "sha512": "16bd2f50d70f01d54374456df0b2e6a25c23857ea4c36ba6253303afd6d1ec592847e418792e4900abd5b597564a3745d130ddb491e2f2098a6b1438511628f7"
            },
            "env": {
                "client": "required",
                "server": "unsupported"
            },
            "downloads": [
                "https://cdn.modrinth.com/data/XeEZ3fK2/versions/QkWJuaZ8/freecam-fabric-modrinth-1.2.1%2B1.20.jar"
            ],
            "fileSize": 1072310
        },
        {
            "path": "mods/geckolib-fabric-1.20.1-4.4.9.jar",
            "hashes": {
                "sha1": "0a140e385c029bbedd5a62903c4b6c7bd451d71b",
                "sha512": "9031c075b1935b6235a5184f376463d36c4090ff50c5f1ca4edd1521777a4bb321a379c12dc0033453a60c36bae054d0e07d56f652dff2b8525ee7756979ff11"
            },
            "env": {
                "client": "required",
                "server": "required"
            },
            "downloads": [
                "https://cdn.modrinth.com/data/8BmcQJ2H/versions/9VG3hx3F/geckolib-fabric-1.20.1-4.4.9.jar"
            ],
            "fileSize": 1019731
        },
        {
            "path": "mods/gravestones-1.0.9-1.20.1.jar",
            "hashes": {
                "sha1": "251fca889437da4dcc1fcc231dda6379856e769a",
                "sha512": "2a89ac44423d8548042b944ce504a41207bd71ca76cd1d9e7c79921397b0a7bf38d96def42c3041cfea8ad35001e5e12f50c0a12995bc339507409124a5737d4"
            },
            "env": {
                "client": "required",
                "server": "required"
            },
            "downloads": [
                "https://cdn.modrinth.com/data/Heh3BbSv/versions/ADj6ezOT/gravestones-1.0.9-1.20.1.jar"
            ],
            "fileSize": 98116
        },
        {
            "path": "mods/immersive_aircraft-1.0.1+1.20.1-fabric.jar",
            "hashes": {
                "sha1": "176e53080376f80a12640c405984dbb1a764875b",
                "sha512": "ca519251caa0c2d7f9900e72092ac133c3fad2ade8f93a33ab0a7247ce014aeabd4012020640e44ecc84329ee20ecbe9692831c8c03d04e1047b472239e8720b"
            },
            "env": {
                "client": "required",
                "server": "required"
            },
            "downloads": [
                "https://cdn.modrinth.com/data/x3HZvrj6/versions/3hpofkRO/immersive_aircraft-1.0.1%2B1.20.1-fabric.jar"
            ],
            "fileSize": 2062434
        },
        {
            "path": "mods/indium-1.0.34+mc1.20.1.jar",
            "hashes": {
                "sha1": "a2de9ba15f155b09626995ad58b0e23803b05fe6",
                "sha512": "15bb1be71ee8c0455804d38b0e735ce1cd72b6a65ce78199b227dd4806a7726fd5fcf44ea60b382b5d97546c693d289c64f7ef872701ee1ddf1ddab14f2cee74"
            },
            "env": {
                "client": "required",
                "server": "unsupported"
            },
            "downloads": [
                "https://cdn.modrinth.com/data/Orvt0mRa/versions/gofbpynL/indium-1.0.34%2Bmc1.20.1.jar"
            ],
            "fileSize": 105359
        },
        {
            "path": "mods/iris-1.7.2+mc1.20.1.jar",
            "hashes": {
                "sha1": "4841b993d37c0944ca6f7a02809364e561a6acc3",
                "sha512": "bb8a8f1ab1b302bbe5d6c5f970d8e781089836fb5e669780cd05fcc5a23e93152ea16e18eead7aa87a7f9e5f7f0197f9de90ea83f7cdebffc2d9a9f6bc9dcad0"
            },
            "env": {
                "client": "required",
                "server": "unsupported"
            },
            "downloads": [
                "https://cdn.modrinth.com/data/YL57xq9U/versions/1CMVXDHo/iris-1.7.2%2Bmc1.20.1.jar"
            ],
            "fileSize": 2701293
        },
        {
            "path": "mods/lithium-fabric-mc1.20.1-0.11.2.jar",
            "hashes": {
                "sha1": "8f4642147e60827f728badac7a819d1a9f3b25d5",
                "sha512": "d1b5c90ba8b4879814df7fbf6e67412febbb2870e8131858c211130e9b5546e86b213b768b912fc7a2efa37831ad91caf28d6d71ba972274618ffd59937e5d0d"
            },
            "env": {
                "client": "required",
                "server": "required"
            },
            "downloads": [
                "https://cdn.modrinth.com/data/gvQqBUqZ/versions/ZSNsJrPI/lithium-fabric-mc1.20.1-0.11.2.jar"
            ],
            "fileSize": 645865
        },
        {
            "path": "mods/lootr-fabric-1.20-0.7.33.81.jar",
            "hashes": {
                "sha1": "ea32700905b46d8131131d23ae0e7cf23d4cd00b",
                "sha512": "08a26e63cabfc881e855506a8f49b4667fad6fe6c3023d74d8d4eb5e918d312596f4093ef238225a8294587dbb03187b0fab15016aad75de8d4427b63c667a3b"
            },
            "env": {
                "client": "required",
                "server": "required"
            },
            "downloads": [
                "https://cdn.modrinth.com/data/EltpO5cN/versions/fqmzdpE2/lootr-fabric-1.20-0.7.33.81.jar"
            ],
            "fileSize": 438028
        },
        {
            "path": "mods/lumberaxe-1.0.1.jar",
            "hashes": {
                "sha1": "45c98bd9bb726d3114b53ca57439c6b406225f44",
                "sha512": "6bca7bbfbf2030fe7413c61758694dc1a0e82d60165a9615d351b8850778adf80b591b049a0dcc19e1b5d5f56eb23ae221a26649c192beace8e3fe19f57853cf"
            },
            "env": {
                "client": "required",
                "server": "required"
            },
            "downloads": [
                "https://cdn.modrinth.com/data/EJurqJgk/versions/8caC6eYX/lumberaxe-1.0.1.jar"
            ],
            "fileSize": 239966
        },
        {
            "path": "mods/modmenu-7.2.2.jar",
            "hashes": {
                "sha1": "099c68feeb74887cbbbd8ce9a27c6123804a2c5a",
                "sha512": "9a7837e04bb34376611b207a3b20e5fe1c82a4822b42929d5b410809ec4b88ff3cac8821c4568f880775bafa3c079dfc7800f8471356a4046248b12607e855eb"
            },
            "env": {
                "client": "required",
                "server": "unsupported"
            },
            "downloads": [
                "https://cdn.modrinth.com/data/mOgUt4GM/versions/lEkperf6/modmenu-7.2.2.jar"
            ],
            "fileSize": 721366
        },
        {
            "path": "mods/moremobvariants-fabric+1.20.1-1.3.1.jar",
            "hashes": {
                "sha1": "9163c0ac4e4ec71f9c4989a0e3614c248222af8c",
                "sha512": "af6b709620be9aee7aa2fca8b85b923a4ad283928dbc5f0287d702e08a6aaa84935844fe5c4f3661c340f411d2ede0889bdb5cf2b095cbb3c3251469c5b77c8c"
            },
            "env": {
                "client": "required",
                "server": "required"
            },
            "downloads": [
                "https://cdn.modrinth.com/data/JiEhJ3WG/versions/o6yyhzgj/moremobvariants-fabric%2B1.20.1-1.3.1.jar"
            ],
            "fileSize": 385225
        },
        {
            "path": "mods/naturalist-fabric-4.0.3-1.20.1.jar",
            "hashes": {
                "sha1": "309142b01014a047cf8cbdded96b085ca59fac85",
                "sha512": "2598c35680c48d8a5a30c05883cf1c0b3cbada36594ba93f35f3e99555634e64d3b4eea5d1c8beb84ef7019d3d61a32350cdc68368ab0a2b731ab381978492b0"
            },
            "env": {
                "client": "required",
                "server": "required"
            },
            "downloads": [
                "https://cdn.modrinth.com/data/F8BQNPWX/versions/dMGBsRgz/naturalist-fabric-4.0.3-1.20.1.jar"
            ],
            "fileSize": 4310075
        },
        {
            "path": "mods/owo-lib-0.11.2+1.20.jar",
            "hashes": {
                "sha1": "be88938ca5df78271e64bc9f85c3575754f33e2a",
                "sha512": "807e4a3daf493e92c5ff0d5657efbba2a4e0cd2a9b753f2d6f153422629415f189345842a6dd258c87d4c02ebf38950a517bcd8a7ed929af6ed6485ae46cf77e"
            },
            "env": {
                "client": "required",
                "server": "required"
            },
            "downloads": [
                "https://cdn.modrinth.com/data/ccKDOlHs/versions/zyOBB7J4/owo-lib-0.11.2%2B1.20.jar"
            ],
            "fileSize": 905421
        },
        {
            "path": "mods/pneumonocore-1.1.4+1.20.1.jar",
            "hashes": {
                "sha1": "4152e67c7f432534101bdcfcac6de617fe01fcc1",
                "sha512": "e7be8b47f6f9d5871367c3e9dd43f6b9528c87c03b0b788087528bdd8e19798126661d8cf0f6fd1fcc226115edf2114ad1e7faa16de19227685dde4e6d16e266"
            },
            "env": {
                "client": "required",
                "server": "required"
            },
            "downloads": [
                "https://cdn.modrinth.com/data/ZLKQjA7t/versions/MtM4xjYo/pneumonocore-1.1.4%2B1.20.1.jar"
            ],
            "fileSize": 110323
        },
        {
            "path": "mods/polymorph-fabric-0.49.5+1.20.1.jar",
            "hashes": {
                "sha1": "540edad14bc4668098c7b2487582368f5df87cdb",
                "sha512": "75a1318aa382779905c36d323c20d2ee5dd95c09e516d761649386e79adee0f85913d213468abc286957af217c2649fcf983b6297cfbad91b3a0b700cd5f21db"
            },
            "env": {
                "client": "required",
                "server": "required"
            },
            "downloads": [
                "https://cdn.modrinth.com/data/tagwiZkJ/versions/EYWxtHOI/polymorph-fabric-0.49.5%2B1.20.1.jar"
            ],
            "fileSize": 673664
        },
        {
            "path": "mods/reeses_sodium_options-1.7.2+mc1.20.1-build.101.jar",
            "hashes": {
                "sha1": "206f1b01b99ac3df99ddd84ed96b466a8700412d",
                "sha512": "efb5eab3caea346f9d13ea7c73e856f286bba1c87508c7250deada7bf4e9ad179a12e9861f61145d5c9578d88f740abf19c564f14579aac5da1f46bf6f086977"
            },
            "env": {
                "client": "required",
                "server": "unsupported"
            },
            "downloads": [
                "https://cdn.modrinth.com/data/Bh37bMuy/versions/Rc9pkPug/reeses_sodium_options-1.7.2%2Bmc1.20.1-build.101.jar"
            ],
            "fileSize": 77304
        },
        {
            "path": "mods/skunk-fabric-1.20.1-2.0.2.jar",
            "hashes": {
                "sha1": "da0a815db7e3fe6cc5c014728f05e0b0188feb31",
                "sha512": "58c0a05c789f2e7f926b62aeb1e7cb9ef045aa879c275c026a8ac42158db3a61518b807c745b81f853333b4b4a16f3f60eaa8b30fbabf8e8c91b971a8933881a"
            },
            "env": {
                "client": "required",
                "server": "required"
            },
            "downloads": [
                "https://cdn.modrinth.com/data/kRv0Emog/versions/FlNg1Hfd/skunk-fabric-1.20.1-2.0.2.jar"
            ],
            "fileSize": 428996
        },
        {
            "path": "mods/sodium-fabric-0.5.11+mc1.20.1.jar",
            "hashes": {
                "sha1": "c4293c1483f3b39c1c6c4c69143e8bb2c6e53daf",
                "sha512": "628129702e830fe88d79f0b87ef0591b708fb39045ce3d985703d6a3a78c30c9beb518df8e70151e55ca6c82d9274fea904c016f60085d889a4f7ac431cccd9e"
            },
            "env": {
                "client": "required",
                "server": "unsupported"
            },
            "downloads": [
                "https://cdn.modrinth.com/data/AANobbMI/versions/ygf8cVZg/sodium-fabric-0.5.11%2Bmc1.20.1.jar"
            ],
            "fileSize": 968419
        },
        {
            "path": "mods/sophisticatedbackpacks-3.19.5+mc1.20.1-SNAPSHOT-build.104.jar",
            "hashes": {
                "sha1": "ac80455db96f2b55a3e7342b26638b17ba8dec4e",
                "sha512": "b9fbd1f8550c8be9cd12161a403cafafbd6f4ec774cc2ea7e64844014232a75a6cc3ca7f913a3e59116c4ff2c2c9b219bcb8840db65b814d493a5ccfa5f03070"
            },
            "env": {
                "client": "required",
                "server": "required"
            },
            "downloads": [
                "https://cdn.modrinth.com/data/ouNrBQtq/versions/lbSRE8Te/sophisticatedbackpacks-3.19.5%2Bmc1.20.1-SNAPSHOT-build.104.jar"
            ],
            "fileSize": 2144085
        },
        {
            "path": "mods/sophisticatedcore-0.5.109+mc1.20.1-SNAPSHOT-build.104.jar",
            "hashes": {
                "sha1": "6115c54fd7eec1f440494931726ae0034af407af",
                "sha512": "be08e6ed5b52d48f4227a7a86eddb7b9fab909abaf1e73f3e1be0a77786716cea9d7cb19d28f46a2cd9137a513fc6c15fdfcb4aab66921933f10d7128d6489b4"
            },
            "env": {
                "client": "required",
                "server": "required"
            },
            "downloads": [
                "https://cdn.modrinth.com/data/9jxwkYQL/versions/w3jSSP5U/sophisticatedcore-0.5.109%2Bmc1.20.1-SNAPSHOT-build.104.jar"
            ],
            "fileSize": 2208193
        },
        {
            "path": "mods/toms_storage_fabric-1.20-1.6.8.jar",
            "hashes": {
                "sha1": "7b312448ab19201634f03c121df79aff64b8b2ae",
                "sha512": "5890a47b763cdd6f1ade3290b643337e9f5768b89ab83cd21b2bea6321b58dadb331276525111d369caf01ab129cefca2cce608b294a602dd92a789b1bceb94e"
            },
            "env": {
                "client": "required",
                "server": "required"
            },
            "downloads": [
                "https://cdn.modrinth.com/data/XZNI4Cpy/versions/9YQrQcI9/toms_storage_fabric-1.20-1.6.8.jar"
            ],
            "fileSize": 1522417
        },
        {
            "path": "mods/trinkets-3.7.2.jar",
            "hashes": {
                "sha1": "d58cc8759587f03f320f188972ca66baa788d008",
                "sha512": "bedf97c87c5e556416410267108ad358b32806448be24ef8ae1a79ac63b78b48b9c851c00c845b8aedfc7805601385420716b9e65326fdab21340e8ba3cc4274"
            },
            "env": {
                "client": "required",
                "server": "required"
            },
            "downloads": [
                "https://cdn.modrinth.com/data/5aaWibi9/versions/AHxQGtuC/trinkets-3.7.2.jar"
            ],
            "fileSize": 238532
        },
        {
            "path": "mods/veinmining-fabric-1.5.0+1.20.1.jar",
            "hashes": {
                "sha1": "ce6cb2fde3383c5a5e67e268d7ad060988a88e28",
                "sha512": "f6eeb5d5f9cea999f191b99cbff793a2df60f6cb043fef006a30ab1f8661be35e871c7e558aa698d654995e21f2b9a1c3f889eb6a5d7fe1c8595ccb4b9fc2c04"
            },
            "env": {
                "client": "required",
                "server": "required"
            },
            "downloads": [
                "https://cdn.modrinth.com/data/bRAPbNyF/versions/PFFXEfYV/veinmining-fabric-1.5.0%2B1.20.1.jar"
            ],
            "fileSize": 460079
        },
        {
            "path": "mods/wildlife-1.20.1-2.2.jar",
            "hashes": {
                "sha1": "a58147b4e2e902611a18a9c57739498a44e08d0f",
                "sha512": "db230ea21422a72fccf7e6cf260b01fed170004f6aeab36db7d0cf4cd00ad2f86bb7b484fcb1813758a45a9ea77febcd2a6802d59682f029d53293f07efce62c"
            },
            "env": {
                "client": "required",
                "server": "required"
            },
            "downloads": [
                "https://cdn.modrinth.com/data/gkVIACVj/versions/QmXRyhus/wildlife-1.20.1-2.2.jar"
            ],
            "fileSize": 7376064
        },
        {
            "path": "mods/wraith-waystones-3.3.2+mc1.20.1.jar",
            "hashes": {
                "sha1": "ae8a0df8c94058f589871396f64b6636b00568b4",
                "sha512": "1d7d07e4910670899108a6c4cb570f27dcf0a9502ca477d19be3e0f486e4c0720ef51d4854fed8f7b55823cde63741065aaf6836d849af1ce25e75e54329d999"
            },
            "env": {
                "client": "required",
                "server": "required"
            },
            "downloads": [
                "https://cdn.modrinth.com/data/sTZr7NVo/versions/DZAntbmD/wraith-waystones-3.3.2%2Bmc1.20.1.jar"
            ],
            "fileSize": 423994
        },
        {
            "path": "resourcepacks/GeoFont Legacy v1.2 GUI Scale 4.zip",
            "hashes": {
                "sha1": "e610825ce800bd9d190671b092b4d3fd858e9711",
                "sha512": "ea3ed874f462674ccb07433b7a30601d4b174ae3776b1feed71965d5d974d8199f3c3e074cc04121f210d7026aecbcc0f41c854def1433f14e49c792d36c7579"
            },
            "env": {
                "client": "required",
                "server": "unsupported"
            },
            "downloads": [
                "https://cdn.modrinth.com/data/hIdXd06Y/versions/keY7PlVK/GeoFont%20Legacy%20v1.2%20GUI%20Scale%204.zip"
            ],
            "fileSize": 30921
        },
        {
            "path": "shaderpacks/ComplementaryUnbound_r5.2.2.zip",
            "hashes": {
                "sha1": "f0c0cbd2059b7a464b9e0f061ddfa6f0980849e1",
                "sha512": "e165f1dbf44b52f2ca9c921e4b1534e550c716986f9377fce0c98e129105f4ea9e7e42d70e64707d76a212eb121f525f55515b63516e3be082fa107217d26bcc"
            },
            "env": {
                "client": "required",
                "server": "unsupported"
            },
            "downloads": [
                "https://cdn.modrinth.com/data/R6NEzAwj/versions/RMaZ3tSJ/ComplementaryUnbound_r5.2.2.zip"
            ],
            "fileSize": 441687
        }
    ],
    "dependencies": {
        "fabric-loader": "0.16.3",
        "minecraft": "1.20.1"
    }
}
